{"cameraMode":{"drawMode":0,"name":"Shaded","section":"Shading Mode"},"sceneLighting":false,"audioPlay":false,"sceneViewState":{"showFog":true,"showMaterialUpdate":false,"showSkybox":false,"showFlares":true,"showImageEffects":true,"showParticleSystems":true},"in2DMode":false,"pivot":{"x":0.342754602432251,"y":-0.22808551788330079,"z":-2.64023494720459},"rotation":{"x":0.36870279908180239,"y":-0.09734291583299637,"z":0.03885840252041817,"w":0.9236232042312622},"size":15.442788124084473,"orthographic":false}