{"cameraMode":{"drawMode":0,"name":"Shaded","section":"Shading Mode"},"sceneLighting":false,"audioPlay":false,"sceneViewState":{"showFog":true,"showMaterialUpdate":false,"showSkybox":false,"showFlares":true,"showImageEffects":true,"showParticleSystems":true},"in2DMode":false,"pivot":{"x":0.05610084533691406,"y":4.169132709503174,"z":-4.0},"rotation":{"x":0.33990201354026797,"y":-0.000003768767101064441,"z":0.0000010101578027388314,"w":0.9404709339141846},"size":10.062650680541993,"orthographic":false}