{"cameraMode":{"drawMode":0,"name":"Shaded","section":"Shading Mode"},"sceneLighting":false,"audioPlay":false,"sceneViewState":{"showFog":true,"showMaterialUpdate":false,"showSkybox":false,"showFlares":true,"showImageEffects":true,"showParticleSystems":true},"in2DMode":false,"pivot":{"x":0.04937005043029785,"y":3.1522085666656496,"z":-1.097556471824646},"rotation":{"x":0.016808057203888894,"y":-0.007503431290388107,"z":0.00012622073700185865,"w":0.9998310208320618},"size":4.140378475189209,"orthographic":false}