{"cameraMode":{"drawMode":0,"name":"Shaded","section":"Shading Mode"},"sceneLighting":false,"audioPlay":false,"sceneViewState":{"showFog":true,"showMaterialUpdate":false,"showSkybox":false,"showFlares":true,"showImageEffects":true,"showParticleSystems":true},"in2DMode":false,"pivot":{"x":-0.06692004203796387,"y":3.0466434955596926,"z":-0.26053446531295779},"rotation":{"x":0.20389318466186524,"y":0.7356650233268738,"z":-0.2522363066673279,"w":0.5946595668792725},"size":4.140378475189209,"orthographic":false}