{"cameraMode":{"drawMode":0,"name":"Shaded","section":"Shading Mode"},"sceneLighting":false,"audioPlay":false,"sceneViewState":{"showFog":true,"showMaterialUpdate":false,"showSkybox":false,"showFlares":true,"showImageEffects":true,"showParticleSystems":true},"in2DMode":false,"pivot":{"x":3.1720008850097658,"y":-11.420955657958985,"z":14.441162109375},"rotation":{"x":0.3942405581474304,"y":0.016536511480808259,"z":-0.0070950803346931938,"w":0.9188344478607178},"size":53.01960372924805,"orthographic":false}