{"cameraMode":{"drawMode":0,"name":"Shaded","section":"Shading Mode"},"sceneLighting":false,"audioPlay":false,"sceneViewState":{"showFog":true,"showMaterialUpdate":false,"showSkybox":false,"showFlares":true,"showImageEffects":true,"showParticleSystems":true},"in2DMode":false,"pivot":{"x":0.011903226375579834,"y":0.9630959033966065,"z":0.009945988655090332},"rotation":{"x":0.3942405581474304,"y":0.016536511480808259,"z":-0.0070950803346931938,"w":0.9188344478607178},"size":14.106030464172364,"orthographic":false}